name,color,width,height,rabbet,pcs,ft,condition,img_url,category,mtype
2007-313,Walnut,1  1/4 , 13/16,  7/16,36,342,current,https://i.postimg.cc/FRSbFQ2p/2007-313.jpg,Between 1 and 2 inches,E
2046-2038,Beige,2,  3/4 ,  1/2 ,18,171,closeout,https://i.postimg.cc/xC2pPMFQ/2046-2038.jpg,Between 1 and 2 inches,E
2046-BR255,Maple,2,  3/4 ,  1/2 ,18,171,closeout,https://i.postimg.cc/cCDfdJ62/2046-BR255.jpg,Between 1 and 2 inches,E
2046-S332,Silver,2,  3/4 ,  1/2 ,18,171,closeout,https://i.postimg.cc/59pBBspg/2046-S332.jpg,Between 1 and 2 inches,E
2046-S345,Silver,2,  3/4 ,  1/2 ,18,171,closeout,https://i.postimg.cc/MGS9YX00/2046-S345.jpg,Between 1 and 2 inches,E
2046C-BK109,Black,2,  3/4 ,  1/2 ,18,171,current,https://i.postimg.cc/Fs8TxHZP/2046-C-BK109.jpg,Between 2 and 3 inches,E
2046C-BR268,Grey,2,  3/4 ,  1/2 ,18,171,closeout,https://i.postimg.cc/VkM7MXtL/2046-C-BR268.jpg,Between 1 and 2 inches,E
2046C-BR300,Burnt,2,  3/4 ,  1/2 ,18,171,current,https://i.postimg.cc/YSw8JDTY/2046-C-BR300.jpg,Between 2 and 3 inches,E
2046C-BR309,Espresso,2,  3/4 ,  1/2 ,18,171,closeout,https://i.postimg.cc/W3wWYzQk/2046-C-BR309.jpg,Between 1 and 2 inches,E
2046C-IV48,Ivory,2,  3/4 ,  1/2 ,18,171,current,https://i.postimg.cc/T2k7p9Wv/2046-C-IV48.jpg,Between 2 and 3 inches,E
2046R-BR255,Walnut,2,  3/4 ,  1/2 ,18,171,closeout,https://i.postimg.cc/658bWk5Z/2046-R-BR255.jpg,Between 1 and 2 inches,E
2046SC-BK,Black,2,  3/4 ,  1/2 ,18,171,current,https://i.postimg.cc/qRwmccbn/2046sc-BK.jpg,Between 2 and 3 inches,E
2046SC-BR109,Espresso,2,  3/4 ,  1/2 ,18,171,current,https://i.postimg.cc/QCMffBwz/2046sc-BR109.jpg,Between 2 and 3 inches,E
2046SC-BR263,Bronze,2,  3/4 ,  1/2 ,18,171,current,https://i.postimg.cc/rmVjp0Vp/2046-SC-BR263.jpg,Between 2 and 3 inches,E
2046SC-S280,Silver,2,  3/4 ,  1/2 ,18,171,current,https://i.postimg.cc/BvcNscGy/2046sc-S280.jpg,Between 2 and 3 inches,E
2046SC-S295,Silver,2,  3/4 ,  1/2 ,18,171,current,https://i.postimg.cc/LXxTg953/2046-SC-S295.jpg,Between 2 and 3 inches,E
2091-3043,Bronze,1,1  5/8 ,1  3/8 ,20,190,current,https://i.postimg.cc/fyFf58x3/2091-3043.jpg,Between 1 and 2 inches,E
2091-W4,White,1,1  5/8 ,1  3/8 ,20,190,current,https://i.postimg.cc/FKZbwryX/2091-W4.jpg,Between 1 and 2 inches,E
2091-Y4,Barn Wood,1,1  5/8 ,1  3/8 ,20,190,current,https://i.postimg.cc/3RxjTs14/2091-Y4.jpg,Between 1 and 2 inches,E
2091-Y5,Sand,1,1  5/8 ,1  3/8 ,20,190,current,https://i.postimg.cc/d1N2t5NW/2091-Y5.jpg,Between 1 and 2 inches,E
2091ESC-BK,Black,1,1  5/8 ,1  3/8 ,20,190,closeout,https://i.postimg.cc/9fYJgV16/2091-ESC-BK.jpg,Between 1 and 2 inches,E
2091ESC-BR109,Walnut,1,1  5/8 ,1  3/8 ,20,190,current,https://i.postimg.cc/c15hsLVs/2091-ESC-BR109.jpg,Between 1 and 2 inches,E
2091ESC-BR263,Gold,1,1  5/8 ,1  3/8 ,20,190,closeout,https://i.postimg.cc/9MX1vSnr/2091-ESC-BR263.jpg,Between 1 and 2 inches,E
2091ESC-S295,Silver,1,1  5/8 ,1  3/8 ,20,190,closeout,https://i.postimg.cc/RFPG9RkG/2091-ESC-S295.jpg,Between 1 and 2 inches,E
2091SC-BK,Black,1,1  5/8 ,1  3/8 ,20,190,current,https://i.postimg.cc/DyJgmKT1/2091-SC-BK.jpg,Between 1 and 2 inches,E
2091SC-BR109,Walnut,1,1  5/8 ,1  3/8 ,20,190,current,https://i.postimg.cc/ncy1DwFg/2091-SC-BR109.jpg,Between 1 and 2 inches,E
2091SC-BR263,Bronze,1,1  5/8 ,1  3/8 ,20,190,closeout,https://i.postimg.cc/x8hRNdTz/2091-SC-BR263.jpg,Between 1 and 2 inches,E
2091SC-S295,Silver,1,1  5/8 ,1  3/8 ,20,190,current,https://i.postimg.cc/tgytrZVz/2091-SC-S295.jpg,Between 1 and 2 inches,E
2162-3035,Walnut,2 15/16,1  1/8 ,  5/8 ,12,114,closeout,https://i.postimg.cc/SQvVvg7x/2162-3035.jpg,Between 2 and 3 inches,E
2162-79831-1,Walnut,2 15/16,1  1/8 ,  5/8 ,12,114,current,https://i.postimg.cc/3Nygy2P3/2162-79831-1.jpg,Between 2 and 3 inches,E
2162-BK,Black,2 15/16,1  1/8 ,  5/8 ,12,114,closeout,https://i.postimg.cc/xTNgDLty/2162-BK.jpg,Between 2 and 3 inches,E
2162-BR110,Champagne,2 15/16,1  1/8 ,  5/8 ,12,114,current,https://i.postimg.cc/9F7dCtdp/2162-BR110.jpg,Between 2 and 3 inches,E
293-103,Gold,3  3/8 ,1  3/8 ,  5/8 ,8,76,current,https://i.postimg.cc/XJLfxvmH/293-103-Edit.jpg,Greater than 3 inches,E
293-S28,Silver,3  3/8 ,1  3/8 ,  5/8 ,8,76,current,https://i.postimg.cc/R0cQ6dRz/293-S28-B-edit.jpg,Greater than 3 inches,E
60-228,Grey,2  3/8 ,1  1/16,  9/16,18,171,closeout,https://i.postimg.cc/gJ4tjdZV/60-228.jpg,Between 2 and 3 inches,E
60-312,Walnut,2  3/8 ,1  1/16,  9/16,18,171,current,https://i.postimg.cc/mk68JLGg/60-312.jpg,Between 2 and 3 inches,E
60-313,Walnut,2  3/8 ,1  1/16,  9/16,18,171,current,https://i.postimg.cc/0jyb0MsQ/60-313.jpg,Between 2 and 3 inches,E
996-BR208,Espresso,4,1  5/16,  3/8 ,8,76,closeout,https://i.postimg.cc/yNdzmWy7/996-BR208.jpg,Greater than 3 inches,E
996-S267,Burnt Silver,4,1  5/16,  3/8 ,8,76,closeout,https://i.postimg.cc/3wcQn7tm/996-S267.jpg,Greater than 3 inches,E
999-208,Silver,3  1/4 ,1  3/8 ,  5/8 ,10,95,closeout,https://i.postimg.cc/mZX6GLRR/999-208.jpg,Greater than 3 inches,E
B006S-BK,Black,1  1/2 ,1  1/2 ,  3/8 ,24,228,current,https://i.postimg.cc/brK11shk/B006s-BK.jpg,Between 1 and 2 inches,B
B006S-S42,Silver,1  1/2 ,1  1/2 ,  3/8 ,24,228,current,https://i.postimg.cc/kMZQ0hbG/B006s-S42.jpg,Between 1 and 2 inches,B
B010-151,Walnut,2 1/2,1  7/8 ,  1/2 ,12,114,closeout,https://i.postimg.cc/jSVcsC1V/B010-151.jpg,Between 2 and 3 inches,B
B012-3043,Espresso,1  3/4 ,1  5/8 ,1,12,114,current,https://i.postimg.cc/9QHGMR1j/B012-3043.jpg,Between 1 and 2 inches,B
B012-BK,Black,1  3/4 ,1  5/8 ,1,12,114,current,https://i.postimg.cc/rwG5tVYR/B012-BK.jpg,Between 1 and 2 inches,B
B012-BKP,Black,1  3/4 ,1  5/8 ,1,12,114,current,https://i.postimg.cc/rpQWQhT8/B012-BKP.jpg,Between 1 and 2 inches,B
B012-W4,White,1  3/4 ,1  5/8 ,1,12,114,current,https://i.postimg.cc/Kcd9PYQ0/B012-W4.jpg,Between 1 and 2 inches,B
B012-Y4,Barn Wood,1  3/4 ,1  5/8 ,1,12,114,current,https://i.postimg.cc/RVKgXzD4/B012-Y4.jpg,Between 1 and 2 inches,B
B012-Y5,Sand,1  3/4 ,1  5/8 ,1,12,114,current,https://i.postimg.cc/K8bJWs6L/B012-Y5.jpg,Between 1 and 2 inches,B
B012E-BK,Black,1  3/4 ,1  5/8 ,1,12,114,closeout,https://i.postimg.cc/L8Mtcwq2/B012E-BK.jpg,Between 1 and 2 inches,B
B012E-BK92,Black,1  3/4 ,1  5/8 ,1,12,114,current,https://i.postimg.cc/FH41TBm8/B012-E-BK92.jpg,Between 1 and 2 inches,B
B012E-BR202,Bronze,1  3/4 ,1  5/8 ,1,12,114,current,https://i.postimg.cc/SK9F4nNv/B012-E-BR202.jpg,Between 1 and 2 inches,B
B012E-BR335,Chestnut,1  3/4 ,1  5/8 ,1,12,114,closeout,https://i.postimg.cc/90RP2jtF/B012-E-BR335.jpg,Between 1 and 2 inches,B
B012E-S257,Silver,1  3/4 ,1  5/8 ,1,12,114,current,https://i.postimg.cc/85V8zT7P/B012-E-S257.jpg,Between 1 and 2 inches,B
B012E2-BR330,Beige,1  3/4 ,1  5/8 ,1,12,114,current,https://i.postimg.cc/W42gGBQW/B012-E-330-1.jpg,Between 1 and 2 inches,B
B012E2-BR331,Chestnut,1  3/4 ,1  5/8 ,1,12,114,closeout,https://i.postimg.cc/XYw8X4Mr/B012-E2-BR331.jpg,Between 1 and 2 inches,B
B012E2-BR335,Chestnut,1  3/4 ,1  5/8 ,1,12,114,closeout,https://i.postimg.cc/zXhwP8Gx/B012-E2-BR335.jpg,Between 1 and 2 inches,B
B012ESC-BK,Black,1  3/4 ,1  5/8 ,1,12,114,current,https://i.postimg.cc/pTrj7DVK/B012-ESC-BK.jpg,Between 1 and 2 inches,B
B012ESC-BR109,Walnut,1  3/4 ,1  5/8 ,1,12,114,current,https://i.postimg.cc/C128VzdX/B012-ESC-BR109.jpg,Between 1 and 2 inches,B
B012ESC-BR263,Bronze,1  3/4 ,1  5/8 ,1,12,114,current,https://i.postimg.cc/c6y8r2Rc/B012-ESC-BR263.jpg,Between 1 and 2 inches,B
B012ESC-S295,Silver,1  3/4 ,1  5/8 ,1,12,114,current,https://i.postimg.cc/90q7XC7M/B012-ESC-S295.jpg,Between 1 and 2 inches,B
B012R-BR247,Grey,1  3/4 ,1  5/8 ,1,12,114,current,https://i.postimg.cc/XvhCDfdL/B012-R-BR247.jpg,Greater than 3 inches,B
B012R-BR249,Walnut,1  3/4 ,1  5/8 ,1,12,114,closeout,https://i.postimg.cc/G2yy04jC/B012-R-BR249.jpg,Between 1 and 2 inches,B
B027-1057,Gold,1  3/8 ,1  3/8 ,1  1/16,15,142.5,current,https://i.postimg.cc/HWJZ8M0J/B027-1057.jpg,Between 1 and 2 inches,B
B027-1058,Silver,1  3/8 ,1  3/8 ,1  1/16,15,142.5,current,https://i.postimg.cc/JzQPC58F/B027-1058.jpg,Between 1 and 2 inches,B
B1006-BK,Black,1  1/4 ,1  5/8 ,1  3/8 ,20,190,closeout,https://i.postimg.cc/mD63Kr95/B1006-BK.jpg,Between 1 and 2 inches,B
B1006-BR109,Espresso,1  1/4 ,1  5/8 ,1  3/8 ,20,190,current,https://i.postimg.cc/5t7g696q/B1006-BR109.jpg,Between 1 and 2 inches,B
B1006-S280,Silver,1  1/4 ,1  5/8 ,1  3/8 ,20,190,current,https://i.postimg.cc/6Q5zW45p/B1006-S280.jpg,Between 1 and 2 inches,B
B1103-BK,Black,1  1/2 ,2  3/8 ,2,12,114,current,https://i.postimg.cc/3RkBpMGM/B1103-BK.jpg,Between 1 and 2 inches,B
B1103-BR109,Walnut,1  1/2 ,2  3/8 ,2,12,114,current,https://i.postimg.cc/nLMmkRjM/B1103-BR109.jpg,Between 1 and 2 inches,B
B1103-BR263,Bronze,1  1/2 ,2  3/8 ,2,12,114,current,https://i.postimg.cc/D0sPjq5B/B1103-BR263.jpg,Between 1 and 2 inches,B
B1103-CR16,Espresso,1  1/2 ,2  3/8 ,2,12,114,closeout,https://i.postimg.cc/tTgtr6s6/B1103-CR16.jpg,Between 1 and 2 inches,B
B1103-G308,Gold,1  1/2 ,2  3/8 ,2,12,114,closeout,https://i.postimg.cc/SKdf7dxq/B1103-G308.jpg,Between 1 and 2 inches,B
B1103-S295,Silver,1  1/2 ,2  3/8 ,2,12,114,current,https://i.postimg.cc/0QhC0tGz/B1103-S295.jpg,Between 1 and 2 inches,B
B1103-S309,Silver,1  1/2 ,2  3/8 ,2,12,114,closeout,https://i.postimg.cc/2ysQ8X2d/B1103-S309.jpg,Between 1 and 2 inches,B
B1105-BK,Black,3,2  1/8 ,1  5/8 ,6,57,closeout,https://i.postimg.cc/65wGS52k/B1105-BK.jpg,Between 2 and 3 inches,B
B1105SC-BR109,Walnut,3,2  1/8 ,1  5/8 ,6,57,current,https://i.postimg.cc/BZ1pn0sH/B1105-SC-BR109.jpg,Greater than 3 inches,B
B1105SC-BR263,Bronze,3,2  1/8 ,1  5/8 ,6,57,closeout,https://i.postimg.cc/9XKtprC4/B1105-SC-BR263.jpg,Between 2 and 3 inches,B
B1105SC-S295,Silver,3,2  1/8 ,1  5/8 ,6,57,closeout,https://i.postimg.cc/wjcXg2JJ/B1105-SC-S295.jpg,Between 2 and 3 inches,B
B1106SC-BK,Black,2  1/2 ,1  1/2 ,1,9,85.5,closeout,https://i.postimg.cc/N0s1MX7n/B1106-SC-BK.jpg,Between 2 and 3 inches,B
B1106SC-BR109,Walnut,2  1/2 ,1  1/2 ,1,9,85.5,current,https://i.postimg.cc/ZKtc9MKg/B1106-SC-BR109.jpg,Between 2 and 3 inches,B
B1106SC-BR263,Bronze,2  1/2 ,1  1/2 ,1,9,85.5,current,https://i.postimg.cc/8PRbLm7C/B1106-SC-BR263.jpg,Between 2 and 3 inches,B
B1106SC-S295,Silver,2  1/2 ,1  1/2 ,1,9,85.5,current,https://i.postimg.cc/0y90nKS0/B1106-SC-S295.jpg,Between 2 and 3 inches,B
B1107-BR109,Walnut,1  5/8 ,1  1/2 ,1,20,190,closeout,https://i.postimg.cc/L5kgXG7Q/B1107-BR109.jpg,Between 1 and 2 inches,B
B1107SC-BK,Black,1  5/8 ,1  1/2 ,1,20,190,current,https://i.postimg.cc/QdSkyNkG/B1107-SC-BK.jpg,Between 1 and 2 inches,B
B1107SC-BR109,Walnut,1  5/8 ,1  1/2 ,1,20,190,current,https://i.postimg.cc/QMtkGL0B/B1107-SC-BR109.jpg,Between 1 and 2 inches,B
B1107SC-BR263,Bronze,1  5/8 ,1  1/2 ,1,20,190,closeout,https://i.postimg.cc/jjMyJjMS/B1107-SC-BR263.jpg,Between 1 and 2 inches,B
B1107SC-CR16,Espresso,1  5/8 ,1  1/2 ,1,20,190,current,https://i.postimg.cc/ZnB6szLp/B1107-SC-CR16.jpg,Between 1 and 2 inches,B
B1108ESC-S294,Silver,2  3/4 ,1  5/8 ,1,8,76,closeout,https://i.postimg.cc/mDhC3GnN/B1108-ESC-S294.jpg,Between 2 and 3 inches,B
B1108SC-BK,Black,2  3/4 ,1  5/8 ,1,8,76,current,https://i.postimg.cc/6QmVBHmM/B1108-SC-BK.jpg,Between 2 and 3 inches,B
B1108SC-BR109,Walnut,2  3/4 ,1  5/8 ,1,8,76,current,https://i.postimg.cc/B6PTbTW4/B1108-SC-BR109.jpg,Between 2 and 3 inches,B
B1108SC-BR263,Bronze,2  3/4 ,1  5/8 ,1,8,76,closeout,https://i.postimg.cc/LX7fNbKd/B1108-SC-BR263.jpg,Between 2 and 3 inches,B
B1108SC-S295,Silver,2  3/4 ,1  5/8 ,1,8,76,current,https://i.postimg.cc/4yCz9YZt/B1108-SC-S295.jpg,Between 2 and 3 inches,B
B1363-BK,Black,2 1/8,1  5/8 ,1 1/2,10,95,closeout,https://i.postimg.cc/0jwS30Pz/B1363-BK.jpg,Between 2 and 3 inches,B
B1363-BR299S,Espresso/Silver,2 1/8,1  5/8 ,1 1/2,10,95,closeout,https://i.postimg.cc/jCYfrnSZ/B1363-BR299-S.jpg,Between 2 and 3 inches,B
B1363-GN415,Green,2 1/8,1  5/8 ,1 1/2,10,95,closeout,https://i.postimg.cc/y6kP7R7d/B1363-GN41.jpg,Between 2 and 3 inches,B
B1364-BK,Black,1  7/8 ,1  1/4 ,  3/4 ,16,152,current,https://i.postimg.cc/bYb0j9HR/B1364-BK.jpg,Between 1 and 2 inches,B
B1364-BR299S,Espresso,1  7/8 ,1  1/4 ,  3/4 ,16,152,current,https://i.postimg.cc/qMTsB61H/B1364-BR229.jpg,Between 1 and 2 inches,B
B1364-GN415,Green,1  7/8 ,1  1/4 ,  3/4 ,16,152,current,https://i.postimg.cc/QdNc1GL6/B1364-GN41.jpg,Between 1 and 2 inches,B
B1365-BKS,Black/Silver,1  9/32,  7/8 ,  9/16,36,342,current,https://i.postimg.cc/nrvqYncW/B1365-BKS.jpg,Between 1 and 2 inches,B
B1365-BR299S,Espresso,1  9/32,  7/8 ,  9/16,36,342,current,https://i.postimg.cc/28741jtb/B1365-BR229-S.jpg,Between 1 and 2 inches,B
B1365-GN415,Green,1  9/32,  7/8 ,  9/16,36,342,closeout,https://i.postimg.cc/WpC7z447/B1365-GN41.jpg,Between 1 and 2 inches,B
F006-167,Gold,N/A,N/A,N/A,210,1995,closeout,https://i.postimg.cc/5tsBV4GL/F006-167.jpg,Less than 1 inch,E
F007-G,Gold,N/A,N/A,N/A,210,807.5,current,https://i.postimg.cc/VNdMZqkn/F007-G.jpg,Less than 1 inch,E
G019-CR43,Espresso,4 1/4,1  5/8 ,  3/8 ,10,95,closeout,https://i.postimg.cc/m29yHGzW/G019-CR43.jpg,Greater than 3 inches,E
G045-BR,Walnut,3  3/8 ,1 1/4,  3/8 ,10,95,closeout,https://i.postimg.cc/dVmR5mjW/G045-BR.jpg,Greater than 3 inches,E
G1000-155,Antique Gold,4  5/16,1  1/4 , 13/16,8,76,current,https://i.postimg.cc/Z5fpL74J/G1000-155.jpg,Greater than 3 inches,E
G1000-BU,Blue,4  5/16,1  1/4 , 13/16,8,76,closeout,https://i.postimg.cc/3xHCjbm4/G1000-BU.jpg,Greater than 3 inches,E
G1000-GBK50,Black/Gold,4  5/16,1  1/4 , 13/16,8,76,closeout,https://i.postimg.cc/0QGktGk0/G1000-GBK50.jpg,Greater than 3 inches,E
G1000-SBK50,Black/Silver,4  5/16,1  1/4 , 13/16,8,76,closeout,https://i.postimg.cc/Hx1W4vgL/G1000-SBK50.jpg,Greater than 3 inches,E
L005S-1118,Walnut,3 11/16,1  9/16,  9/16,6,57,current,https://i.postimg.cc/KYwT611V/L005s-1118.jpg,Greater than 3 inches,L
L005S-BRN,Walnut,3 11/16,1  9/16,  9/16,6,57,current,https://i.postimg.cc/FRSSNhcK/L005s-BRN.jpg,Greater than 3 inches,L
L005S-EBK,Black,3 11/16,1  9/16,  9/16,6,57,closeout,https://i.postimg.cc/Nj4T6GQS/L005s-EBK.jpg,Greater than 3 inches,L
L026N-230,Silver,3  5/8,1  1/4 ,  5/16 ,10,95,closeout,https://i.postimg.cc/JhzXPwnn/L026-N-230.jpg,Greater than 3 inches,L
L029C-BK109,Black,3  3/8 ,1  3/8 ,  7/8 ,8,76,current,https://i.postimg.cc/CM8SH3Ls/L029-C-BK109-edit.jpg,Greater than 3 inches,L
L029C-BR268,Grey,3  3/8 ,1  3/8 ,  7/8 ,8,76,closeout,https://i.postimg.cc/1RTCWkdM/L029-C-BR268.jpg,Greater than 3 inches,L
L029C-BR300,Burnt,3  3/8 ,1  3/8 ,  7/8 ,8,76,current,https://i.postimg.cc/TYqxBnby/L029-C-BR300-edit.jpg,Greater than 3 inches,L
L029C-BR309,Espresso,3  3/8 ,1  3/8 ,  7/8 ,8,76,current,https://i.postimg.cc/wxN6nQWp/L029-C-BR309.jpg,Greater than 3 inches,L
L029C-IV48,Ivory,3  3/8 ,1  3/8 ,  7/8 ,8,76,current,https://i.postimg.cc/02qxtVzR/L029-C-IV48-edit.jpg,Greater than 3 inches,L
L042-330,Walnut,3  1/8 ,1  7/16, 11/16,12,114,current,https://i.postimg.cc/WbnJPL0h/L042-330.jpg,Greater than 3 inches,L
L042-330S,Walnut,3  1/8 ,1  7/16, 11/16,12,114,closeout,https://i.postimg.cc/RCHHPLMc/L042-330-S.jpg,Greater than 3 inches,L
L042-BR110,Champagne,3  1/8 ,1  7/16, 11/16,12,114,closeout,https://i.postimg.cc/8cMfjNyy/L042-BR110.jpg,Greater than 3 inches,L
L042-BR216,Espresso,3  1/8 ,1  7/16, 11/16,12,114,closeout,https://i.postimg.cc/5N5FJ9Qy/L042-BR216.jpg,Greater than 3 inches,L
L042-GBK50,Black,3  1/8 ,1  7/16, 11/16,12,114,current,https://i.postimg.cc/t4gV73Pw/L042-GBK50.jpg,Greater than 3 inches,L
L043-551,Espresso,3  3/8 ,1  9/16,  7/16,8,76,current,https://i.postimg.cc/KctMJgz7/L043-551.jpg,Greater than 3 inches,L
L043-BR223,Walnut,3  3/8 ,1  9/16,  7/16,8,76,closeout,https://i.postimg.cc/L5FZmmyZ/L043-BR223.jpg,Greater than 3 inches,L
L045-560,Espresso,4  1/16,1  3/8 ,  7/16,8,76,current,https://i.postimg.cc/tgK1r8fG/L045-560.jpg,Greater than 3 inches,L
L046-265,Silver,3  1/4 ,1 13/16,  1/2 ,8,76,current,https://i.postimg.cc/cHfvPXyg/L046-265.jpg,Greater than 3 inches,L
L046-BR180,Walnut,3  1/8 ,1  3/4 ,  1/2 ,8,76,current,https://i.postimg.cc/VkH0tJW6/L046-BR180.jpg,Greater than 3 inches,L
L046-CR82,Burgundy,3  1/4 ,1 13/16,  1/2 ,8,76,closeout,https://i.postimg.cc/CxmBZvNV/L046-CR82.jpg,Greater than 3 inches,L
L052-3014,Walnut,4 1/2,2 1/8,  3/4 ,4,38,closeout,https://i.postimg.cc/mgg1LXSV/L052-3014.jpg,Greater than 3 inches,L
L058-3033,Walnut,3  5/16,1  1/8 ,  3/8 ,12,114,closeout,https://i.postimg.cc/XvqZ9wHB/L058-3033.jpg,Greater than 3 inches,L
L059-3053,Espresso,3  1/18,1  7/16,  7/16,8,76,current,https://i.postimg.cc/kMFVc1vL/L059-3053.jpg,Greater than 3 inches,L
L061-3087,Espresso,3  3/16,1  3/4 ,  3/8 ,8,76,closeout,https://i.postimg.cc/cJzvhr29/L061-3087.jpg,Greater than 3 inches,L
L061-3089,Gold,3  3/16,1  3/4 ,  3/8 ,8,76,closeout,https://i.postimg.cc/ydSkb7zV/L061-3089.jpg,Greater than 3 inches,L
L061-4017,Charcoal,3  3/16,1  3/4 ,  3/8 ,8,76,current,https://i.postimg.cc/3JtkMk6B/L061-4017.jpg,Greater than 3 inches,L
L061-BR1,Espresso,3  3/16,1  3/4 ,  3/8 ,8,76,current,https://i.postimg.cc/x8Rc18d9/L061-BR1.jpg,Greater than 3 inches,L
L062-BK,Espresso,3  9/16,1  9/16,  9/16,6,57,closeout,https://i.postimg.cc/hvLhKMj6/L062-BK.jpg,Greater than 3 inches,L
L062-BR210,Maple,3  9/16,1  9/16,  9/16,6,57,current,https://i.postimg.cc/YqF11k0w/L062-BR210.jpg,Greater than 3 inches,L
L062-BR223,Walnut,3  9/16,1  9/16,  9/16,6,57,current,https://i.postimg.cc/T3Xn0S55/L062-BR223.jpg,Greater than 3 inches,L
L066-3146,Walnut,3  5/8 ,1  3/16,  1/2 ,8,76,closeout,https://i.postimg.cc/905r3sWy/L066-3146.jpg,Greater than 3 inches,L
L066-4025,Charcoal,3  5/8 ,1  3/16,  1/2 ,8,76,closeout,https://i.postimg.cc/KcB17cNf/L066-4025.jpg,Greater than 3 inches,L
L072-1089,Gold,3  3/16,1  3/16,  3/8 ,12,114,current,https://i.postimg.cc/90VD2ZCx/L072-1089.jpg,Greater than 3 inches,L
L072-2089,Silver,3  3/16,1  3/16,  3/8 ,12,114,current,https://i.postimg.cc/pXWm1f0r/L072-2089.jpg,Greater than 3 inches,L
L080-BK,Black,3  3/4 ,1 1/4,  1/2 ,12,114,closeout,https://i.postimg.cc/rwnsyDVV/L080-BK.jpg,Greater than 3 inches,L
L088-265,Silver,3  3/4 ,1  3/16,  1/2 ,12,114,closeout,https://i.postimg.cc/MZnnYppZ/L088-265-edit.jpg,Greater than 3 inches,L
L088-BK1,Black,3  3/4 ,1  3/16,  1/2 ,12,114,current,https://i.postimg.cc/yNZxSvNQ/L088-BK1.jpg,Greater than 3 inches,L
L090-1074,Gold,3,1  3/8 ,  1/2 ,12,114,closeout,https://i.postimg.cc/Bvj6jJbx/L090-1074.jpg,Between 2 and 3 inches,L
L090-3058,Burgundy,3,1  3/8 ,  1/2 ,12,114,current,https://i.postimg.cc/Vk5dzYPc/L090-3058.jpg,Greater than 3 inches,L
L090-5058,Black,3,1  3/8 ,  1/2 ,12,114,current,https://i.postimg.cc/YCVj9JtL/L090-5058.jpg,Greater than 3 inches,L
L090-6058,White,3,1  3/8 ,  1/2 ,12,114,closeout,https://i.postimg.cc/nc1M5dNQ/L090-6058.jpg,Between 2 and 3 inches,L
L1002-BK91,Black,4  1/4 ,1  1/4 ,  7/16,8,76,closeout,https://i.postimg.cc/xT91Kvqj/L1002-BK91.jpg,Greater than 3 inches,L
L1002-BK99,Black,4  1/4 ,1  1/4 ,  7/16,8,76,closeout,https://i.postimg.cc/Gm23fbkZ/L1002-BK99.jpg,Greater than 3 inches,L
L1002-BR216,Chestnut,4  1/4 ,1  1/4 ,  7/16,8,76,current,https://i.postimg.cc/jdSjhs5J/L1002-BR216.jpg,Greater than 3 inches,L
L1002-CR75,Black,4  1/4 ,1  1/4 ,  7/16,8,76,closeout,https://i.postimg.cc/Gm53w6K9/L1002-CR75.jpg,Greater than 3 inches,L
L1002-S269,Grey -Silver,4  1/4 ,1  1/4 ,  7/16,8,76,current,https://i.postimg.cc/MK3pPhM3/L1002-S269.jpg,Greater than 3 inches,L
L1003-BR216,Espresso,3  3/8 ,1,  3/8 ,12,114,current,https://i.postimg.cc/g2wkfN3z/L1003-BR216.jpg,Greater than 3 inches,L
L1003-G278,Gold,3  3/8 ,1,  3/8 ,12,114,current,https://i.postimg.cc/YCJqkYx1/L1003-G278.jpg,Greater than 3 inches,L
L1003-S278,Silver,3  3/8 ,1,  3/8 ,12,114,current,https://i.postimg.cc/QtqXpPZb/L1003-S278.jpg,Greater than 3 inches,L
L1003E-BK92,Charcoal,3  3/8 ,1,  3/8 ,12,114,closeout,https://i.postimg.cc/8581sWqS/L1003-E-BK92.jpg,Greater than 3 inches,L
L1003R-BK109,Black,3  3/8 ,1,  3/8 ,12,114,closeout,https://i.postimg.cc/XJwn5qby/L1003-R-BK109.jpg,Greater than 3 inches,L
L1003R-BR268,Grey,3  3/8 ,1,  3/8 ,12,114,current,https://i.postimg.cc/QM1NMC6v/L1003-R-BR268.jpg,Greater than 3 inches,L
L1003R-BR300,Burnt,3  3/8 ,1,  3/8 ,12,114,current,https://i.postimg.cc/wvzqRzZM/L1003-R-BR300.jpg,Greater than 3 inches,L
L1003R-BR309,Espresso,3  3/8 ,1,  3/8 ,12,114,closeout,https://i.postimg.cc/x1bcvzzt/L1003-R-BR309.jpg,Greater than 3 inches,L
L1003R-IV48,Ivory,3  3/8 ,1,  3/8 ,12,114,current,https://i.postimg.cc/1X5yMH9Z/L1003-R-IV48.jpg,Greater than 3 inches,L
L1006C-G94,Gold,3  1/4 ,1  3/4 ,  7/16,8,76,current,https://i.postimg.cc/g20vXhCn/1006-C-G94.jpg,Greater than 3 inches,L
L1006C-S94,Silver,3  1/4 ,1  3/4 ,  7/16 ,8,76,closeout,https://i.postimg.cc/sxRYvNzr/1006-C-S94.jpg,Greater than 3 inches,L
L108-BKS,Black/Silver,3 1/4,1 1/4,  1/2 ,10,95,closeout,https://i.postimg.cc/XY7X0f01/L108-BKS.jpg,Greater than 3 inches,L
L108-BRK,Black/Burgundy,3 1/4,1 1/4,  1/2 ,10,95,closeout,https://i.postimg.cc/0QmyCZpj/L108-BRK.jpg,Greater than 3 inches,L
L1101-BR229,Walnut,3  5/8 ,1  5/8 ,  3/8 ,8,76,current,https://i.postimg.cc/FzWN6LRk/L1101-BR229.jpg,Greater than 3 inches,L
L1101-BR230,Black,3  5/8 ,1  5/8 ,  3/8 ,8,76,closeout,https://i.postimg.cc/L5223S9Q/L1101-BR230.jpg,Greater than 3 inches,L
L1105ESC-BK,Black,3 15/16,1  5/8 ,1,6,57,current,https://i.postimg.cc/QN08CRbN/L1105-ESC-BK.jpg,Greater than 3 inches,L
L1105ESC-BR263,Bronze,3 15/16,1  5/8 ,1,6,57,closeout,https://i.postimg.cc/m2ZTcT6t/L1105-ESC-BR263.jpg,Greater than 3 inches,L
L1105SC-BK,Black,3 15/16,1  5/8 ,1,6,57,closeout,https://i.postimg.cc/6pyw0YKK/L1105-SC-BK.jpg,Greater than 3 inches,L
L1105SC-BR109,Espresso,3 15/16,1  5/8 ,1,6,57,closeout,https://i.postimg.cc/4N8sVjrw/L1105-SC-BR109.jpg,Greater than 3 inches,L
L1105SC-BR263,Bronze,3 15/16,1  5/8 ,1,6,57,closeout,https://i.postimg.cc/4xqGFV49/L1105-SC-BR263.jpg,Greater than 3 inches,L
L1105SC-S295,Silver,3 15/16,1  5/8 ,1,6,57,current,https://i.postimg.cc/ZYsRhqm8/L1105-SC-S295.jpg,Greater than 3 inches,L
L1302-BK112,Black,3  1/2 ,1  1/2 ,  1/2 ,8,76,current,https://i.postimg.cc/8Pc16tKR/L1302-BK112.jpg,Greater than 3 inches,L
L1302-BR317,Bronze,3  1/2 ,1  1/2 ,  1/2 ,8,76,current,https://i.postimg.cc/X7PncdmT/L1302-BR317.jpg,Greater than 3 inches,L
L1302-BR333,Walnut,3  1/2 ,1  1/2 ,  1/2 ,8,76,current,https://i.postimg.cc/K8gx94y4/L1302-BR333.jpg,Greater than 3 inches,L
L1302-BR334,Espresso,3  1/2 ,1  1/2 ,  1/2 ,8,76,closeout,https://i.postimg.cc/0NSvgjrH/L1302-BR334.jpg,Greater than 3 inches,L
L1302-BR335,Maple,3  1/2 ,1  1/2 ,  1/2 ,8,76,current,https://i.postimg.cc/R05929Md/L1302-BR335.jpg,Greater than 3 inches,L
L1302-G336,Champagne,3  1/2 ,1  1/2 ,  1/2 ,8,76,current,https://i.postimg.cc/PqWhjcJj/L1302-G336.jpg,Greater than 3 inches,L
L1302-S336,Silver,3  1/2 ,1  1/2 ,  1/2 ,8,76,current,https://i.postimg.cc/d1nY7yGN/L1302-S336.jpg,Greater than 3 inches,L
L1302-S345,Silver,3  1/2 ,1  1/2 ,  1/2 ,8,76,closeout,https://i.postimg.cc/50MVfJC9/L1302-S345.jpg,Greater than 3 inches,L
L1302-W26,White,2  1/4 ,1  3/8 ,  3/8 ,8,76,current,https://i.postimg.cc/3JzHD7Dh/L1302-W26.jpg,Between 2 and 3 inches,L
L1302S-BK112,Espresso,2  1/4 ,1  3/8 ,  3/8 ,18,171,current,https://i.postimg.cc/m2FFX99z/L1302-S-BK112.jpg,Between 2 and 3 inches,L
L1302S-BR317,Bronze,2  1/4 ,1  3/8 ,  3/8 ,18,171,current,https://i.postimg.cc/rmPKgyFN/L1302-S-BR317.jpg,Between 2 and 3 inches,L
L1302S-BR333,Espresso,2  1/4 ,1  3/8 ,  3/8 ,18,171,closeout,https://i.postimg.cc/tg9Z4mMW/L1302-S-BR333.jpg,Between 2 and 3 inches,L
L1302S-BR334,Espresso,2  1/4 ,1  3/8 ,  3/8 ,18,171,current,https://i.postimg.cc/mrVczNvq/L1302-S-BR334.jpg,Between 2 and 3 inches,L
L1302S-BR335,Chestnut,2  1/4 ,1  3/8 ,  3/8 ,18,171,closeout,https://i.postimg.cc/Sj0jFZ9X/L1302-S-BR335.jpg,Between 2 and 3 inches,L
L1302S-G336,Champagne,2  1/4 ,1  3/8 ,  3/8 ,18,171,current,https://i.postimg.cc/XJJrwB3v/L1302-S-G336.jpg,Between 2 and 3 inches,L
L1302S-S336,Silver,2  1/4 ,1  3/8 ,  3/8 ,18,171,current,https://i.postimg.cc/WzqtyRdL/L1302-S-S336.jpg,Between 2 and 3 inches,L
L1302S-S345,Silver,2  1/4 ,1  3/8 ,  3/8 ,18,171,current,https://i.postimg.cc/sXDT7mvZ/1302-S-S345.jpg,Between 2 and 3 inches,L
L1501E-BK92,Black,3  3/8 ,  7/8 ,  5/8 ,10,95,current,https://i.postimg.cc/0NKK719w/L1501-E-BK92.jpg,Greater than 3 inches,L
L1501E-BR263,Bronze,3  3/8 ,  7/8 ,  5/8 ,10,95,closeout,https://i.postimg.cc/3xRvJD69/L1501-E-BR263.jpg,Greater than 3 inches,L
L1501E-S295,Silver,3  3/8 ,  7/8 ,  5/8 ,10,95,closeout,https://i.postimg.cc/8z0rFzgG/L1501-E-S295.jpg,Greater than 3 inches,L
L814-GBK,Black/Gold,3 1/2,1 3/4,  5/8 ,6,57,closeout,https://i.postimg.cc/qqxBPRDd/L814-GBK.jpg,Greater than 3 inches,L
L901-G204,Gold,3  3/8 ,1 1/4,  1/2 ,10,95,closeout,https://i.postimg.cc/4ygN2t55/L901-G204.jpg,Greater than 3 inches,L
L902-S205,Silver,2 15/16,1  7/16,  9/16,12,114,current,https://i.postimg.cc/MGQC4CYJ/L902-S205-edit.jpg,Between 2 and 3 inches,L
L904-2136,Bronze/Silver,4  3/16,1  3/4 ,  1/2 ,6,57,current,https://i.postimg.cc/Dy6rw6Y9/L904-2136.jpg,Greater than 3 inches,L
L904-3065,Walnut/Gold,4  3/16,1  3/4 ,  1/2 ,6,57,closeout,https://i.postimg.cc/52k8w0Jp/L904-3065.jpg,Greater than 3 inches,L
L904-5018,Black/Silver,4  3/16,1  3/4 ,  1/2 ,6,57,current,https://i.postimg.cc/8C2W00j6/L904-5018.jpg,Greater than 3 inches,L
L904-519NE,Espresso,4  3/16,1  3/4 ,  1/2 ,6,57,current,https://i.postimg.cc/sx9pS4fZ/L904-519-NE.jpg,Greater than 3 inches,L
L904-551,Espresso/Gold,4  3/16,1  3/4 ,  1/2 ,6,57,current,https://i.postimg.cc/Vsj93m9L/L904-551.jpg,Greater than 3 inches,L
L904-BR210,Maple,4  3/16,1  3/4 ,  1/2 ,6,57,current,https://i.postimg.cc/hGzTMBPn/L904-BR210.jpg,Greater than 3 inches,L
L904-BR223,Walnut,4  3/16,1  3/4 ,  1/2 ,6,57,current,https://i.postimg.cc/qR2nVx3Z/L904-BR223.jpg,Greater than 3 inches,L
LB05-BR110,Champagne,2,1  1/8 ,  1/2 ,24,228,current,https://i.postimg.cc/fRXQcFx9/LB05-BR110.jpg,Between 2 and 3 inches,L
LB05-BR216,Espresso,2,1  1/8 ,  1/2 ,24,228,closeout,https://i.postimg.cc/8cZQdrns/LB05-BR216.jpg,Between 1 and 2 inches,L
LB05-GBK50,Black/Gold,2,1  1/8 ,  1/2 ,24,228,current,https://i.postimg.cc/s2rdwcc0/LB05-GBK50.jpg,Between 2 and 3 inches,L
M029-S28,Silver,2 1/2,15/16,  3/8 ,18,171,closeout,https://i.postimg.cc/v8hswpHM/M029-S28.jpg,Between 2 and 3 inches,M
M036-265,Silver,2 1/8,  3/4 ,  3/8 ,24,228,closeout,https://i.postimg.cc/3x45pNjJ/M036-265.jpg,Between 2 and 3 inches,M
M051-165,Gold,2 15/16,1  5/8 , 15/16,8,76,current,https://i.postimg.cc/cH1qNLPR/M051-165.jpg,Between 2 and 3 inches,M
M051-BK,Black,2 15/16,1  5/8 , 15/16,8,76,current,https://i.postimg.cc/vmtRjV28/M051-BK.jpg,Between 2 and 3 inches,M
M053-1057A,Gold,2  1/4 ,1  1/4 , 13/16,12,114,current,https://i.postimg.cc/gjrfnBzr/M053-1057-A.jpg,Between 2 and 3 inches,M
M053-1058A,Silver,2  1/4 ,1  1/4 ,1,12,114,current,https://i.postimg.cc/W35BpPPQ/M053-1058-A.jpg,Between 2 and 3 inches,M
M053-517,Walnut,2  1/4 ,1  1/4 , 13/16,12,114,closeout,https://i.postimg.cc/L6sM9NnP/M053-517.jpg,Between 2 and 3 inches,M
M053-BR,Walnut,2  1/4 ,1  1/4 , 13/16,12,114,current,https://i.postimg.cc/15mF265J/M053-BR.jpg,Between 2 and 3 inches,M
M059-265,Silver,2,  3/4 ,  5/16,27,256.5,closeout,https://i.postimg.cc/YC5cx78N/M059-265.jpg,Between 1 and 2 inches,M
M069-1047,Gold,2 13/16,1,  3/8 ,12,114,closeout,https://i.postimg.cc/SKCBTPtB/M069-1047.jpg,Between 2 and 3 inches,M
M069-2051,Silver,2 13/16,1,  3/8 ,12,114,current,https://i.postimg.cc/PJc0ZzJy/M069-2051.jpg,Between 2 and 3 inches,M
M069-G525,Chestnut/Gold,2 13/16,1,  3/8 ,12,114,current,https://i.postimg.cc/h43kHgsm/M069-G525.jpg,Between 2 and 3 inches,M
M071-604E,White,2 13/16,1,  3/8 ,12,114,current,https://i.postimg.cc/htVNzmB8/M071-604-E.jpg,Between 2 and 3 inches,M
M079-2045,Silver,2  7/8 ,  3/4 ,  3/8 ,16,152,closeout,https://i.postimg.cc/Bb9dztZ5/M079-2045.jpg,Between 2 and 3 inches,M
M079-3043,Espresso,2  7/8 ,  3/4 ,  3/8 ,16,152,current,https://i.postimg.cc/T3dXGyVC/M079-3043.jpg,Between 2 and 3 inches,M
M079-BR300,Burnt,2  7/8 ,  3/4 ,  3/8 ,16,152,closeout,https://i.postimg.cc/LXGnDZYH/M079-BR300.jpg,Between 2 and 3 inches,M
M079-S345,Silver,2  7/8 ,  3/4 ,  3/8 ,16,152,closeout,https://i.postimg.cc/brCKLg5M/M079-S345.jpg,Between 2 and 3 inches,M
M079C-BK109,Black,2  7/8 ,  3/4 ,  3/8 ,16,152,current,https://i.postimg.cc/d37BpMbc/M079-C-BK109.jpg,Between 2 and 3 inches,M
M079C-BR268,Grey,2  7/8 ,  3/4 ,  3/8 ,16,152,current,https://i.postimg.cc/WzQnPWVF/M079-C-BR268.jpg,Between 2 and 3 inches,M
M079C-BR270,Ivory,2  7/8 ,  3/4 ,  3/8 ,16,152,closeout,https://i.postimg.cc/d1hhG90H/M079-C-BR270.jpg,Between 2 and 3 inches,M
M079C-BR300,Burnt,2  7/8 ,  3/4 ,  3/8 ,16,152,current,https://i.postimg.cc/xj7gHCmf/M079-C-BR300.jpg,Between 2 and 3 inches,M
M079C-BR309,Espresso,2  7/8 ,  3/4 ,  3/8 ,16,152,closeout,https://i.postimg.cc/rwQMtyhQ/M079-C-BR309.jpg,Between 2 and 3 inches,M
M079C-IV48,Ivory,2  7/8 ,  3/4 ,  3/8 ,16,152,current,https://i.postimg.cc/63bcM61h/M079-C-IV48.jpg,Between 2 and 3 inches,M
M079C-W20,White,2  7/8 ,  3/4 ,  3/8 ,16,152,closeout,https://i.postimg.cc/FzZXRMQ2/M079-C-W20.jpg,Between 2 and 3 inches,M
M079E1-IV4,Ivory,2  7/8 ,  3/4 ,  3/8 ,16,152,closeout,https://i.postimg.cc/sgV3XGJM/M079-E1-IV4.jpg,Between 2 and 3 inches,M
M079E1-MP4,Off White,2  7/8 ,  3/4 ,  3/8 ,16,152,current,https://i.postimg.cc/gJ6C43pk/M079-E1-MP4.jpg,Between 2 and 3 inches,M
M079E1-S4,Silver,2  7/8 ,  3/4 ,  3/8 ,16,152,current,https://i.postimg.cc/Wp0RkmS5/M079-E1-S4.jpg,Between 2 and 3 inches,M
M079E1-W4,White,2  7/8 ,  3/4 ,  3/8 ,16,152,closeout,https://i.postimg.cc/rFG8MN56/M079-E1-W4.jpg,Between 2 and 3 inches,M
M079E2-BR158,Walnut,2  7/8 ,  3/4 ,  3/8 ,16,152,current,https://i.postimg.cc/RZgx0MG9/M079-E2-BR158.jpg,Between 2 and 3 inches,M
M079E2-BR321,Chestnut,2  7/8 ,  3/4 ,  3/8 ,16,152,current,https://i.postimg.cc/25Jp42PK/M079-E2-BR321.jpg,Between 2 and 3 inches,M
M079E2-BR333,Chestnut -Grain,2  7/8 ,  3/4 ,  3/8 ,16,152,current,https://i.postimg.cc/tg7QZLm6/M079-E2-BR333.jpg,Between 2 and 3 inches,M
M079E2-BR334,Espresso,2  7/8 ,  3/4 ,  3/8 ,16,152,closeout,https://i.postimg.cc/6pLhXqW6/M079-E2-BR334.jpg,Between 2 and 3 inches,M
M079E3-BK114,Black,2  7/8 ,  3/4 ,  3/8 ,16,152,current,https://i.postimg.cc/DwnbTcpH/M079-E3-BK114.jpg,Between 2 and 3 inches,M
M079E3-IV82,Ivory,2  7/8 ,  3/4 ,  3/8 ,16,152,closeout,https://i.postimg.cc/T3XcFgXH/M079-E3-IV82.jpg,Between 2 and 3 inches,M
M079E3-S350,Silver,2  7/8 ,  3/4 ,  3/8 ,16,152,closeout,https://i.postimg.cc/g0zHkpjV/M079-E3-S350.jpg,Between 2 and 3 inches,M
M079R-BR247,Beige,2  7/8 ,  3/4 ,  3/8 ,16,152,current,https://i.postimg.cc/mrd9VFwq/M079-R-BR247.jpg,Between 2 and 3 inches,M
M079R-BR249,Chestnut,2  7/8 ,  3/4 ,  3/8 ,16,152,current,https://i.postimg.cc/0QFw1Rh0/M079-R-BR249.jpg,Between 2 and 3 inches,M
M079R-BR250,Walnut,2  7/8 ,  3/4 ,  3/8 ,16,152,closeout,https://i.postimg.cc/hjLBcV5Z/M079-R-BR250.jpg,Between 2 and 3 inches,M
M079R-BR251,Espresso,2  7/8 ,  3/4 ,  3/8 ,16,152,current,https://i.postimg.cc/xdjHKPKM/M079-R-BR251.jpg,Between 2 and 3 inches,M
M079R-BR254,Walnut,2  7/8 ,  3/4 ,  3/8 ,16,152,current,https://i.postimg.cc/zBVgQX2f/M079-R-BR254.jpg,Between 2 and 3 inches,M
M079SC-BK,Black,2  7/8 ,  3/4 ,  3/8 ,16,152,closeout,https://i.postimg.cc/Bv6Sz7qg/M079-SC-BK.jpg,Between 2 and 3 inches,M
M080-S173,Silver,1  1/2 ,1  1/8 ,  1/2 ,18,171,current,https://i.postimg.cc/SQBhnk9h/M080-S173.jpg,Between 1 and 2 inches,M
M081-BK,Black,2  5/16, 13/16,  9/16,21,199.5,current,https://i.postimg.cc/vDF3bPDJ/M081-BK.jpg,Between 2 and 3 inches,M
M081-BKS,Black/Silver,2  5/16, 13/16,  9/16,21,199.5,closeout,https://i.postimg.cc/GpFfJy4r/M081-BKS.jpg,Between 2 and 3 inches,M
M084-5093,Charcoal,2  3/4 ,1,  3/8 ,16,152,current,https://i.postimg.cc/1XNvxxR0/M084-5093.jpg,Between 2 and 3 inches,M
M087-3087,Espresso,2  5/16,1  1/8 ,  3/8 ,15,142.5,closeout,https://i.postimg.cc/ZnRDSsVK/M087-3087.jpg,Between 2 and 3 inches,M
M087-3089,Gold,2  5/16,1  1/8 ,  3/8 ,15,142.5,closeout,https://i.postimg.cc/j5RF8Sff/M087-3089.jpg,Between 2 and 3 inches,M
M087-4017,Charcoal,2  5/16,1  1/8 ,  3/8 ,15,142.5,current,https://i.postimg.cc/vZzF2nNY/M087-4017.jpg,Between 2 and 3 inches,M
M087-517,Espresso,2  5/16,1  1/8 ,  3/8 ,15,142.5,current,https://i.postimg.cc/Pr1kZ9b8/M087-517.jpg,Between 2 and 3 inches,M
M087-S151,Silver,2  5/16,1  1/8 ,  3/8 ,15,142.5,current,https://i.postimg.cc/SxqbGdV1/M087-S151.jpg,Between 2 and 3 inches,M
M090-1074,Gold,2,1 1/8,  3/8 ,24,228,closeout,https://i.postimg.cc/Y0sDqNsN/M090-1074.jpg,Between 1 and 2 inches,M
M090-6058,White,2,1 1/8,  3/8 ,24,228,closeout,https://i.postimg.cc/597R312H/M090-6058.jpg,Between 1 and 2 inches,M
M093-2136,Bronze,3,2,  5/8 ,6,57,closeout,https://i.postimg.cc/tCsmvfsB/M093-2136.jpg,Between 2 and 3 inches,M
M093-BK120,Black,3,2,  5/8 ,6,57,current,https://i.postimg.cc/KvwmCyJY/M093-BK120.jpg,Greater than 3 inches,M
M093-BR210,Maple,3,2,  5/8 ,6,57,current,https://i.postimg.cc/PqVGTjH0/M093-BR210.jpg,Greater than 3 inches,M
M093-BR361,Burnt,3,2,  5/8 ,6,57,current,https://i.postimg.cc/13FyQYjr/M093-BR361.jpg,Between 2 and 3 inches,M
M093-BRG,Espresso/Gold,3,2,  5/8 ,6,57,closeout,https://i.postimg.cc/9Fsg6pTC/M093-BRG.jpg,Between 2 and 3 inches,M
M093-G318,Gold,3,2,  5/8 ,6,57,current,https://i.postimg.cc/65y9HQVS/M093-G318.jpg,Greater than 3 inches,M
M094-1089,Gold,2  5/16,1 3/4,  7/16,12,114,closeout,https://i.postimg.cc/pL8cRFY8/M094-1089.jpg,Between 2 and 3 inches,M
M094-1102,Gold,2  5/16,1 3/4,  7/16,12,114,closeout,https://i.postimg.cc/g2tXnVSp/M094-1102.jpg,Between 2 and 3 inches,M
M1003-BK86,Black,2,1  1/4 ,  11/16 ,18,171,current,https://i.postimg.cc/k5pJPNGd/M1003-BK86.jpg,Between 2 and 3 inches,M
M1005-G258,Gold,2  7/16,1 1/8,  5/16,21,199.5,closeout,https://i.postimg.cc/K85fWm5X/M1005-G258.jpg,Between 2 and 3 inches,M
M1005-G90,Gold,2  7/16,1 1/8,  5/16,21,199.5,closeout,https://i.postimg.cc/YSqRKTXv/M1005-G90.jpg,Between 2 and 3 inches,M
M1005-S90,Silver,2  7/16,1 1/8,  5/16,21,199.5,closeout,https://i.postimg.cc/vZyXX4fL/M1005-S90.jpg,Between 2 and 3 inches,M
M1010-BRN,Walnut,2 1/2,1 1/8,  3/8 ,12,114,closeout,https://i.postimg.cc/dV86zKwj/M1010-BRN.jpg,Between 2 and 3 inches,M
M106-G,Gold,3,1 13/16,  3/4 ,6,57,closeout,https://i.postimg.cc/g0HM6b72/M106-G.jpg,Between 2 and 3 inches,M
M108-BKG,Black/Gold,2 1/8,15/16,  5/16,15,142.5,closeout,https://i.postimg.cc/N0cJMjpn/M108-BKG.jpg,Between 2 and 3 inches,M
M108-BKS,Black/Silver,2 1/8,15/16,  5/16,15,142.5,closeout,https://i.postimg.cc/C1McG6yH/M108-BKS.jpg,Between 2 and 3 inches,M
M108-BRK,Black/Burgundy,2  1/16,1  3/16,  1/2 ,15,142.5,current,https://i.postimg.cc/BvnWrvrx/M108-BRK.jpg,Between 2 and 3 inches,M
M1104R-BR247,Beige,1  1/2 ,1  1/8 ,  7/8 ,16,152,current,https://i.postimg.cc/C5yQxMQr/M1104-R-BR247.jpg,Between 1 and 2 inches,M
M1104R-BR250,Walnut,1  1/2 ,1  1/8 ,  7/8 ,16,152,current,https://i.postimg.cc/Vk7ZbWhC/M1104-R-BR250.jpg,Between 1 and 2 inches,M
M1104R-BR251,Espresso,1  1/2 ,1  1/8 ,  7/8 ,16,152,current,https://i.postimg.cc/SNfvmh7V/M1104-R-BR251.jpg,Between 1 and 2 inches,M
M1104R-BR254,Walnut,1  1/2 ,1  1/8 ,  7/8 ,16,152,current,https://i.postimg.cc/9QXNMnL2/M1104-R-BR254.jpg,Between 1 and 2 inches,M
M1104SC-BK,Black,1  5/8 ,1  3/16, 13/16,16,152,current,https://i.postimg.cc/k5B1Ntrh/M1104-SC-BK.jpg,Between 1 and 2 inches,M
M1104SC-BR109,Walnut,1  5/8 ,1  3/16, 13/16,16,152,current,https://i.postimg.cc/Zq2fwK4Y/M1104-SC-BR109.jpg,Between 1 and 2 inches,M
M1104SC-BR263,Bronze,1  5/8 ,1  3/16, 13/16,16,152,current,https://i.postimg.cc/ydRLt48m/M1104-SC-BR263.jpg,Between 1 and 2 inches,M
M1104SC-S295,Silver,1  5/8 ,1  3/16, 13/16,16,152,current,https://i.postimg.cc/rsLfLnDv/M1104-SC-S295.jpg,Between 1 and 2 inches,M
M1105-BR228,Chestnut,2 1/2,1 1/8,  5/16,15,142.5,closeout,https://i.postimg.cc/8CN4GnCQ/M1105-BR228.jpg,Between 2 and 3 inches,M
M1105-CR85,Espresso,2 1/2,1 1/8,  5/16,15,142.5,closeout,https://i.postimg.cc/bvgTwHGG/M1105-CR85.jpg,Between 2 and 3 inches,M
M110R-1057,Gold,2  1/8 , 15/16,  9/16,15,142.5,current,https://i.postimg.cc/sgMnqWRZ/M110-1057.jpg,Between 2 and 3 inches,M
M110R-1058,Silver,2  1/8 , 15/16,  9/16,15,142.5,current,https://i.postimg.cc/y82fHNVp/M110-1058.jpg,Between 2 and 3 inches,M
M1204-BK114,Black,2  1/2 ,1  1/8 ,  3/8 ,16,152,current,https://i.postimg.cc/7hMmP37b/M1204-BK114.jpg,Between 2 and 3 inches,M
M1204-BR294,Beige,2  1/2 ,1  1/8 ,  3/8 ,16,152,closeout,https://i.postimg.cc/C1K4BBDc/M1204-BR294.jpg,Between 2 and 3 inches,M
M1204-BR300,Burnt,2  1/2 ,1  1/8 ,  3/8 ,16,152,current,https://i.postimg.cc/dQ8W9YXv/M1204-BR300.jpg,Between 2 and 3 inches,M
M1204-BR332,Grey,2  1/2 ,1  1/8 ,  3/8 ,16,152,current,https://i.postimg.cc/8cxxXTNQ/M1204-BR332.jpg,Between 2 and 3 inches,M
M1204-BR334,Espresso,2  1/2 ,1  1/8 ,  3/8 ,16,152,current,https://i.postimg.cc/kXqT1H3S/M1204-BR334.jpg,Between 2 and 3 inches,M
M1204-BR335,Walnut,2  1/2 ,1  1/8 ,  3/8 ,16,152,current,https://i.postimg.cc/Qxm0Rqhy/M1204-BR335.jpg,Between 2 and 3 inches,M
M1204-BR350,Espresso/Gold,2  1/2 ,1  1/8 ,  3/8 ,16,152,current,https://i.postimg.cc/0jzLCzg0/M1204-BR350.jpg,Between 2 and 3 inches,M
M1204-S329-2,Silver,2  1/2 ,1  1/8 ,  3/8 ,16,152,current,https://i.postimg.cc/43D5zLQm/M1204-S329-2.jpg,Between 2 and 3 inches,M
M1204-S339,Grey,2  1/2 ,1  1/8 ,  3/8 ,16,152,current,https://i.postimg.cc/pdhC5b8w/M1204-S339.jpg,Between 2 and 3 inches,M
M1204-S345,Silver,2  1/2 ,1  1/8 ,  3/8 ,16,152,current,https://i.postimg.cc/bwFLvNG0/M1204-S345.jpg,Between 2 and 3 inches,M
M1706-BK129,Black,3,1  5/16 ,  3/8 ,12,114,current,https://i.postimg.cc/7LCC75d2/M1706-BK129.jpg,Greater than 3 inches,M
M1706-BR196,Bronze,3,1  5/16,  3/8 ,12,114,current,https://i.postimg.cc/mr0PSbW6/M1706-BR196.jpg,Between 2 and 3 inches,M
M1706-G281,Gold,3,1  5/16,  3/8 ,12,114,current,https://i.postimg.cc/B6HXYdqZ/M1706-G281.jpg,Between 2 and 3 inches,M
M1706-S280,Silver,3,1  5/16,  3/8 ,12,114,current,https://i.postimg.cc/0yjrR68B/M1706-S280.jpg,Between 2 and 3 inches,M
M822-S177,Silver,2 3/8,1  5/16,  3/4 ,12,114,closeout,https://i.postimg.cc/0QtccdPg/M822-S177.jpg,Between 2 and 3 inches,M
M835S-BK54,Black,1  3/4 ,1,  5/16,24,228,current,https://i.postimg.cc/QMb3jf2B/M835-S-BK54.jpg,Between 1 and 2 inches,M
M836-S191,Charcoal,2  3/8 ,1  1/2 ,  9/16,10,95,current,https://i.postimg.cc/5NBZjv1B/M836-S191.jpg,Between 2 and 3 inches,M
M838-BK54,Black,2 13/16,1  1/4 ,  1/2 ,12,114,closeout,https://i.postimg.cc/4yqwTfYB/M838-BK54.jpg,Between 2 and 3 inches,M
M838-CR54,Espresso,2 13/16,1  1/4 ,  1/2 ,12,114,closeout,https://i.postimg.cc/QNyf7bf1/M838-CR54.jpg,Between 2 and 3 inches,M
M838-GN,Green,2 13/16,1  1/4 ,  1/2 ,12,114,current,https://i.postimg.cc/ydpCZkYs/M838-GN.jpg,Between 2 and 3 inches,M
M838-S320,Silver,2 13/16,1  1/4 ,  1/2 ,12,114,current,https://i.postimg.cc/4dxTyzGW/M838-S320.jpg,Between 2 and 3 inches,M
M845-BR16,Charcoal,3,1  3/16,  3/4 ,12,114,closeout,https://i.postimg.cc/NjhbJ0q0/M845-BR16.jpg,Between 2 and 3 inches,M
M845-CR66,Espresso,3,1  3/16,  3/4 ,12,114,closeout,https://i.postimg.cc/WbqXwkyK/M845-CR66.jpg,Between 2 and 3 inches,M
M902-S205,Silver,2  1/16, 15/16,  3/8 ,21,190,current,https://i.postimg.cc/jjSTFgFs/M902-S205-edit.jpg,Between 2 and 3 inches,M
M913-BR180,Walnut,2  1/16,1  1/16,  9/16,14,142.5,current,https://i.postimg.cc/VLQxY4ys/M913-BR180.jpg,Between 2 and 3 inches,M
M913-BR181,Charcoal,2  1/16,1  1/8 ,  9/16,15,142.5,current,https://i.postimg.cc/qvQSxTNg/M913-BR181.jpg,Between 2 and 3 inches,M
M913-CR82,Espresso,2  1/16,1  1/16,  9/16,14,142.5,closeout,https://i.postimg.cc/C5zJtBxR/M913-CR82.jpg,Between 2 and 3 inches,M
M919-BK79,Charcoal,2  1/2 ,1,  5/16,18,171,current,https://i.postimg.cc/htrgMWMy/M919-BK79-edit.jpg,Between 2 and 3 inches,M
M919-BR17,Bronze,2  1/2 ,1,  5/16,18,171,current,https://i.postimg.cc/FKCv5yM0/M919-BR17-edit.jpg,Between 2 and 3 inches,M
M919-G221,Gold,2  1/2 ,1,  5/16,18,171,current,https://i.postimg.cc/gJmyvhSL/M919-G221-edit.jpg,Between 2 and 3 inches,M
M919-S242,Silver,2  1/2 ,1,  5/16,18,171,current,https://i.postimg.cc/FRf49fv8/M919-S242-edit.jpg,Between 2 and 3 inches,M
M919-W31,White,2  1/2 ,1,  5/16,18,171,current,https://i.postimg.cc/sD7wpYQg/M919-W31.jpg,Between 2 and 3 inches,M
N073-BR,Walnut,1  5/8 ,  3/16,N/A,104,988,closeout,https://i.postimg.cc/vTgLhJ09/N073-BR.jpg,Between 1 and 2 inches,E
S010-604,White,1  9/16, 13/16,  9/16,35,332.5,current,https://i.postimg.cc/QdM0sWMx/S010-604.jpg,Between 1 and 2 inches,S
S020-BR170,Walnut,1 1/2,  7/8 ,  3/8 ,24,228,closeout,https://i.postimg.cc/d1Sj8sjw/S020-BR170.jpg,Between 1 and 2 inches,S
S020-CR63,Espresso,1 1/2,  7/8 ,  3/8 ,24,228,closeout,https://i.postimg.cc/d3bRx5ff/S020-CR63.jpg,Between 1 and 2 inches,S
S037-3035,Walnut,2  1/8 ,1,  1/2 ,15,142.5,closeout,https://i.postimg.cc/BZXdRty5/S037-3035.jpg,Between 2 and 3 inches,S
S037-79831-1,Walnut,2  1/8 ,1,  1/2 ,15,142.5,closeout,https://i.postimg.cc/MKWv5Pgx/S037-79831-1.jpg,Between 2 and 3 inches,S
S037-BR110,Champagne,2  1/8 ,1,  1/2 ,15,142.5,current,https://i.postimg.cc/NfpLz8wX/S037-BR110.jpg,Between 2 and 3 inches,S
S050-517,Walnut,1  1/2 , 13/16,  3/8 ,35,332.5,current,https://i.postimg.cc/h4brd0zt/S050-517.jpg,Between 1 and 2 inches,S
S072-1089,Gold,1 15/16, 13/16,  5/16,21,199.5,closeout,https://i.postimg.cc/9F9sFKcr/S072-1089.jpg,Between 1 and 2 inches,S
S072-2089,Silver,1 15/16, 13/16,  5/16,21,199.5,current,https://i.postimg.cc/d1G9n25n/S072-2089.jpg,Between 1 and 2 inches,S
S072-3043,Espresso,1 15/16, 13/16,  5/16,21,199.5,closeout,https://i.postimg.cc/FHQ8fpKG/S072-3043.jpg,Between 1 and 2 inches,S
S080-337,Walnut,1 13/16, 13/16,  5/16,32,304,closeout,https://i.postimg.cc/hGDYsGTd/S080-337.jpg,Between 1 and 2 inches,S
S087-3087,Espresso,1  3/4 ,  7/8 ,  3/8 ,28,266,closeout,https://i.postimg.cc/Hk4KbMcm/S087-3087.jpg,Between 1 and 2 inches,S
S087-4017,Charcoal,1  3/4 ,  7/8 ,  3/8 ,28,266,current,https://i.postimg.cc/mkRynPq4/S087-4017.jpg,Between 1 and 2 inches,S
S088-165,Gold,1 13/16,1  1/8 ,  1/2 ,32,304,closeout,https://i.postimg.cc/HxjhGPSW/S088-165.jpg,Between 1 and 2 inches,S
S088-3053,Espresso,1 13/16,1  1/8 ,  1/2 ,32,304,closeout,https://i.postimg.cc/PfgFcy1h/S088-3053.jpg,Between 1 and 2 inches,S
S088-BK,Black,1 13/16,1  1/8 ,  1/2 ,32,304,current,https://i.postimg.cc/pXWBYnzY/S088-BK.jpg,Between 1 and 2 inches,S
S090-1074,Gold,1  1/4 , 15/16,  3/8 ,30,285,closeout,https://i.postimg.cc/BZLVMkLM/S090-1074.jpg,Between 1 and 2 inches,S
S090-2074,Silver,1  1/4 , 15/16,  3/8 ,30,285,closeout,https://i.postimg.cc/W45HHPwf/S090-2074.jpg,Between 1 and 2 inches,S
S090-3058,Espresso/Gold,1  1/4 , 15/16,  3/8 ,30,285,closeout,https://i.postimg.cc/6qhTwn2D/S090-3058.jpg,Between 1 and 2 inches,S
S090-5058,Black,1  1/4 , 15/16,  3/8 ,30,285,current,https://i.postimg.cc/SR4jwDs6/S090-5058.jpg,Between 1 and 2 inches,S
S090-6058,White/Gold,1  1/4 , 15/16,  3/8 ,30,285,closeout,https://i.postimg.cc/dQRh8PH4/S090-6058.jpg,Between 1 and 2 inches,S
S1104C-BK109,Black,1  1/4 , 3/4,  7/16 ,35,332.5,current,https://i.postimg.cc/C1nFhZnn/S1104-C-BK109.jpg,Between 1 and 2 inches,S
S1104C-BR300,Burnt,1  1/4 , 3/4,  7/16 ,35,332.5,current,https://i.postimg.cc/43hdyrHv/S1104-C-BR300.jpg,Between 1 and 2 inches,S
S1104E2-BR330,Beige,1  1/4 , 3/4,  7/16 ,35,332.5,current,https://i.postimg.cc/cLzCssC4/S1104-E2-BR330.jpg,Between 1 and 2 inches,S
S1104E2-BR333,Walnut,1  1/4 , 3/4,  7/16 ,35,332.5,current,https://i.postimg.cc/TwMPDCnz/S1104-E2-BR333.jpg,Between 1 and 2 inches,S
S1104SC-BK,Black,1  1/4 ,  3/4 ,  7/16,35,332.5,current,https://i.postimg.cc/7ZbMj8B5/S1104-SC-BK.jpg,Between 1 and 2 inches,S
S1104SC-BR109,Walnut,1  1/4 ,  3/4 ,  7/16,35,332.5,current,https://i.postimg.cc/N0H8f8vY/S1104-SC-BR109.jpg,Between 1 and 2 inches,S
S1105C-BR268,Grey,1,  5/8 ,  3/8 ,35,332.5,current,https://i.postimg.cc/RZpYdjxL/S1105-C-BR268.jpg,Between 1 and 2 inches,S
S1105C-S332,Burnt Silver,1,  5/8 ,  3/8 ,35,332.5,current,https://i.postimg.cc/RZZ8cvy0/S1105-C-S332.jpg,Between 1 and 2 inches,S
S1105SC-BK,Black,1,  5/8 ,  3/8 ,42,399,current,https://i.postimg.cc/tCBNrCz0/S1105-SC-BK.jpg,Between 1 and 2 inches,S
S1105SC-BR109,Walnut,1,  5/8 ,  3/8 ,42,399,current,https://i.postimg.cc/sg89r68w/S1105-SC-BR109.jpg,Between 1 and 2 inches,S
S1105SC-BR263,Bronze,1,  5/8 ,  3/8 ,42,399,current,https://i.postimg.cc/pTMf99Pj/S1105-SC-BR263.jpg,Between 1 and 2 inches,S
S1105SC-S295,Silver,1,  5/8 ,  3/8 ,42,399,current,https://i.postimg.cc/QtgpcXMy/S1105-SC-S295.jpg,Between 1 and 2 inches,S
S1106SC-BK,Black,  3/4 ,  5/8 ,  7/16,81,769.5,current,https://i.postimg.cc/d3qGBzkt/S1106-SC-BK.jpg,Less than 1 inch,S
S1106SC-BR263,Bronze,  3/4 ,  5/8 ,  7/16,81,769.5,closeout,https://i.postimg.cc/13P7RzWj/S1106-SC-BR263.jpg,Less than 1 inch,S
S1126-BR228,Maple,1  3/4 ,1,  7/16,20,190,current,https://i.postimg.cc/gjN8BN8y/S1126-BR228.jpg,Between 1 and 2 inches,S
S1126-BR229,Walnut,1  3/4 ,1,  7/16,20,190,current,https://i.postimg.cc/tR53TCw1/S1126-BR229.jpg,Between 1 and 2 inches,S
S1126-BR230,Black,1  3/4 ,1,  7/16,20,190,current,https://i.postimg.cc/TY3rWvvt/S1126-BR230.jpg,Between 1 and 2 inches,S
S908-BK84,Black,1  5/8 ,1  3/16, 11/16,25,237.5,closeout,https://i.postimg.cc/cCnkCtyV/S908-BK84.jpg,Between 1 and 2 inches,S
S908-BKS,Black/Silver,1  5/8 ,1  3/16, 11/16,25,237.5,closeout,https://i.postimg.cc/gk3BPhKh/S908-BKS.jpg,Between 1 and 2 inches,S
S908-BR196,Espresso/Gold,1  5/8 ,1  3/16, 11/16,25,237.5,closeout,https://i.postimg.cc/k4Zh7FZQ/S908-BR196.jpg,Between 1 and 2 inches,S